{"Interns":[
  {   "Id":1,
      "Name": "John Doe",
      "Email": "john.doe@example.com",
      "Phone": "123-456-7890",
      "FatherName": "Michael Doe",
      "MotherName": "Jennifer Doe",
      "Address": "123 Main St, City, Country",
      "Colleage": "Kalaignar Karunanidhi Institute of Technology",
      "Degree": "Bachelor of Science",
      "Year": "2020",
      "Batch": "1"
    },
    {
      "Id":2,
      "Name": "Jane Smith",
      "Email": "jane.smith@example.com",
      "Phone": "987-654-3210",
      "FatherName": "Robert Smith",
      "MotherName": "Mary Smith",
      "Address": "456 Elm St, City, Country",
      "Colleage": "Shanmuga College",
      "Degree": "Master of Arts",
      "Year": "2021",
      "Batch": "2"
    },
    {
      "Id":3,
      "Name": "Alice Johnson",
      "Email": "alice.johnson@example.com",
      "Phone": "555-555-5555",
      "FatherName": "David Johnson",
      "MotherName": "Susan Johnson",
      "Address": "789 Oak St, City, Country",
      "Colleage": "Kalaignar Karunanidhi Institute of Technology",
      "Degree": "Ph.D. in Engineering",
      "Year": "2022",
      "Batch": "3"
    },
    {
      "Id":4,
      "Name": "Robert Brown",
      "Email": "robert.brown@example.com",
      "Phone": "111-222-3333",
      "FatherName": "James Brown",
      "MotherName": "Linda Brown",
      "Address": "555 Pine St, City, Country",
      "Colleage": "Shanmuga College",
      "Degree": "Computer Science",
      "Year": "2023",
      "Batch": "4"
    },
    {
      "Id":5,
      "Name": "Emily Davis",
      "Email": "emily.davis@example.com",
      "Phone": "999-888-7777",
      "FatherName": "Richard Davis",
      "MotherName": "Karen Davis",
      "Address": "321 Oak St, City, Country",
      "Colleage": "Kalaignar Karunanidhi Institute of Technology",
      "Degree": "Nursing",
      "Year": "2024",
      "Batch": "5"
    },
    {
      "Id":6,
      "Name": "William Wilson",
      "Email": "william.wilson@example.com",
      "Phone": "777-888-9999",
      "FatherName": "George Wilson",
      "MotherName": "Marilyn Wilson",
      "Address": "654 Maple St, City, Country",
      "Colleage": "Shanmuga College",
      "Degree": "Business Administration",
      "Year": "2025",
      "Batch": "6"
    },
    {
      "Id":7,
      "Name": "Olivia Miller",
      "Email": "olivia.miller@example.com",
      "Phone": "222-333-4444",
      "FatherName": "Edward Miller",
      "MotherName": "Patricia Miller",
      "Address": "789 Elm St, City, Country",
      "Colleage": "Kalaignar Karunanidhi Institute of Technology",
      "Degree": "Psychology",
      "Year": "2026",
      "Batch": "7"
    },
    {
      "Id":8,
      "Name": "Michael Johnson",
      "Email": "michael.johnson@example.com",
      "Phone": "444-555-6666",
      "FatherName": "William Johnson",
      "MotherName": "Sarah Johnson",
      "Address": "456 Birch St, City, Country",
      "Colleage": "Shanmuga College",
      "Degree": "Electrical Engineering",
      "Year": "2027",
      "Batch": "8"
    },
    {
      "Id":9,
      "Name": "Sophia Taylor",
      "Email": "sophia.taylor@example.com",
      "Phone": "666-777-8888",
      "FatherName": "Joseph Taylor",
      "MotherName": "Laura Taylor",
      "Address": "123 Pine St, City, Country",
      "Colleage": "Kalaignar Karunanidhi Institute of Technology",
      "Degree": "Medicine",
      "Year": "2028",
      "Batch": "9"
    },
    {
      "Id":10,
      "Name": "James Smith",
      "Email": "james.smith@example.com",
      "Phone": "333-222-1111",
      "FatherName": "Daniel Smith",
      "MotherName": "Helen Smith",
      "Address": "654 Cedar St, City, Country",
      "Colleage": "Shanmuga College",
      "Degree": "Mathematics",
      "Year": "2029",
      "Batch": "10"
    }
  ]
}